session_id,page,duration_sec,bounce,form_step_reached,element_clicked,timestamp_bucket,device
97932a27-c972-4153-93cf-ccbad6a86166,form,25,true,1,form_field_email,evening,mobile
6294874e-3e3c-419a-b3f7-becb02198b61,form,20,true,2,form_next_btn,evening,desktop
28f45172-6fe4-4ead-8000-fd34606c77ca,home,10,true,,logo,evening,tablet
77357919-451e-40ab-bd0e-9b49aee47f07,home,90,false,,footer_link,afternoon,desktop
68c5f880-4f01-40d5-a7a0-7414557870e7,confirm,8,true,,logo,evening,mobile
fe58757e-9d86-407a-99a0-120bbd184f1f,home,6,true,,,morning,mobile
ae98ab58-5c60-41fe-99eb-2a0c1b0e7bfc,confirm,47,false,,confirm_share_btn,afternoon,desktop
75800c7d-b1af-4daf-baf9-9611d501327d,about,201,false,,logo,evening,mobile
6c2021cd-a4cb-4883-b01a-1d2e750ad174,home,9,true,,,evening,tablet
681608ee-9972-46ac-87df-3ae0a65a0ed6,about,20,true,,logo,afternoon,mobile
7f37ca44-81d6-411d-b85c-814b2751e9c3,home,14,true,,logo,evening,mobile
80e16ae7-5f00-4ae8-a492-88b86f96aa3e,home,5,true,,,morning,desktop
1c32111c-8aa2-4f1a-adce-eea41f1d0463,form,23,true,2,form_next_btn,evening,mobile
fe57ef68-91c4-4124-b7f9-c027ee623243,about,16,true,,,morning,mobile
a59fb10c-e74c-4dce-886f-0295a443be09,confirm,8,true,,confirm_home_btn,afternoon,mobile
f37088b9-a123-4aee-ab96-3649943b12fe,home,12,true,,nav_about,afternoon,desktop
aafce34e-c548-4282-b9d5-65baf221aefe,form,433,false,2,form_submit,morning,tablet
e78258ce-6993-412b-ad5a-7016dbcdcb8e,home,6,true,,nav_about,evening,mobile
6fb0a968-8829-4ece-9cef-3434640e7e39,home,6,true,,nav_form,afternoon,desktop
bc35f203-0662-4de2-8ff6-e1213491ad21,about,19,true,,team_card,evening,mobile
cc1894cb-151d-48ef-b807-4716e0823fd1,about,134,false,,nav_home,evening,desktop
64a56642-bb46-4981-ba1c-fca2f50eb278,about,57,false,,team_card,afternoon,desktop
ed5d02f6-bd6c-45aa-ae26-f2bdf959b3f2,about,17,true,,,afternoon,mobile
78f2cf18-b2b3-446e-9081-ec25209eb39e,confirm,27,false,,confirm_home_btn,evening,tablet
5033caf6-27ce-4493-9989-fc84456f3695,home,8,true,,,afternoon,tablet
5e031a3c-bf39-4707-82bd-10e61c2538bf,confirm,34,false,,confirm_home_btn,afternoon,mobile
041b6aca-2b1c-49ea-84fa-aecd900f0acd,home,4,true,,nav_about,morning,mobile
416c12fe-7fa8-46b9-b302-7af5879539ce,home,13,true,,scroll_banner,morning,mobile
75800c7d-b1af-4daf-baf9-9611d501327d,form,109,false,1,form_cancel,evening,mobile
12eb4a17-7ab2-4249-8512-d9d121ad2774,confirm,10,true,,confirm_share_btn,afternoon,mobile
2e84d58c-e4d3-4fc8-bc9a-8dd251bd8d25,home,11,true,,nav_about,evening,desktop
4c0262aa-f45f-406e-96eb-9ad621e4d207,confirm,58,false,,logo,afternoon,tablet
9143c757-497e-4ff2-9c2c-6ddfd912747a,form,471,false,3,form_next_btn,morning,desktop
fa9969f0-c8a3-4d3b-b3d5-a1096ed940a8,confirm,7,true,,,afternoon,mobile
5be0e3fa-7394-4056-8d57-62dd7885bdc5,confirm,18,false,,,afternoon,desktop
720cb21e-e0c3-440f-abce-923a559b3ccb,home,9,true,,nav_about,afternoon,mobile
e2b321fb-4dc0-48fc-8e67-56d9eb2f0f42,confirm,59,false,,logo,afternoon,mobile
9304b98d-ac50-4ad3-b79f-f07200bfb4e7,confirm,46,false,,confirm_share_btn,afternoon,desktop
3d29a7f1-7c85-425b-a3e8-0048f96eae28,home,5,true,,nav_about,afternoon,mobile
cf778f63-b61e-4d8b-bcb6-d458ece0999f,form,24,true,,form_next_btn,afternoon,desktop
9439730c-955d-4b64-a782-15194d4d0dd4,form,312,false,3,form_field_name,morning,tablet
fc8fbb67-3402-4c26-9af6-2fcd8614dc6a,home,7,true,,,evening,tablet
15e97fa7-26f7-4ae2-a388-443c4a9d1027,about,16,true,,footer_link,morning,mobile
43b67dd8-a336-4026-ac17-255b78fcd3d2,home,12,true,,scroll_banner,afternoon,tablet
c6b3de20-6b68-48b0-b9e8-22c1a588c535,home,8,true,,,afternoon,tablet
5604f2a8-cedb-4f80-bf59-325dd4764686,form,19,true,3,form_field_email,evening,mobile
15a40f69-5a6b-44bc-a8cb-160a2f2c4a0c,home,8,true,,nav_about,afternoon,mobile
2f3f3fb0-2896-461b-8905-7a50c03314ad,home,10,true,,,evening,mobile
33cb618a-9ea1-4cdd-9a94-438f53822ef0,home,12,true,,scroll_banner,evening,tablet
be3aec07-8580-4756-9119-7102bdc96451,about,18,true,,logo,afternoon,tablet
d637dfbe-ec2c-4b98-87c3-2f37733b3bb6,home,5,true,,nav_about,evening,mobile
ba3a56da-6a3c-43ea-bdda-d03f102fc03d,home,8,true,,nav_about,morning,mobile
012ac283-7206-4b33-ba1f-ab05b16db135,about,9,true,,footer_link,afternoon,desktop
1fbc3867-4704-44a8-9169-02423b6ea2ca,about,20,true,,nav_home,afternoon,desktop
af363174-44f6-4523-93aa-d2a1c1b00349,home,5,true,,nav_form,afternoon,tablet
897f21f5-739d-4998-969a-1a7fe4db7bc2,form,390,false,4,form_submit,afternoon,mobile
c05a7742-d4cc-4f7e-9f43-1b8347b1a9a0,confirm,10,false,,confirm_home_btn,evening,mobile
229a7ddf-5817-4344-801b-c993bcd3b5d6,form,423,false,,form_cancel,morning,mobile
96105e75-40b9-44f3-bc10-a376fe49036b,confirm,67,false,,logo,afternoon,desktop
bbb724af-0a0e-47f6-85af-d14b7c56601b,form,363,false,3,form_next_btn,evening,desktop
c3bf1277-7724-4c8a-9e15-c4d1bfff213b,home,5,true,,,morning,mobile
05682c69-d831-47fc-acee-f51007c3bf16,home,10,true,,hero_cta,afternoon,mobile
6ec82f42-e0c1-49ec-a283-e62db44885f2,confirm,27,false,,,morning,desktop
c84d0461-f8f3-4b0d-8864-55409ac6adc6,home,76,false,,nav_about,afternoon,mobile
0a489ebb-6a38-4cbf-8e2c-552cf29a9e66,home,7,true,,,afternoon,mobile
a304e26c-c1b5-4d29-9b50-e300efccbeab,about,12,true,,nav_form,evening,tablet
2130b76c-4999-4065-8edf-090d6fe114d9,home,24,false,,,evening,desktop
a61b16d8-3919-4aed-8c41-f1a8a4229519,form,396,false,4,form_submit,afternoon,desktop
b48bfb18-df11-4a5a-9720-5edae27eaa95,confirm,7,true,,confirm_home_btn,afternoon,mobile
cadcf93f-b4a4-4e86-a16b-cb6389618ac9,home,12,true,,scroll_banner,afternoon,mobile
20351530-511b-46c8-bf19-d1d15cba5811,home,4,true,,scroll_banner,afternoon,tablet
5e8c5183-a2a1-4f49-9e62-7d8101588da7,about,20,true,,logo,afternoon,mobile
2235c109-3d88-47e7-b79e-08fc66ec75df,about,75,false,,nav_home,evening,mobile
ee3117c4-f668-4e0e-bd15-2bcbdb240238,form,283,false,1,form_next_btn,morning,mobile
aefb8b6d-0cc4-4af2-a83d-7f68c3c0cf01,confirm,5,true,,confirm_home_btn,morning,desktop
7b4deea3-3ae8-4715-86b6-5fd6dd688c6e,home,14,true,,scroll_banner,afternoon,desktop
bdf315bb-ff0e-432d-8a17-d93d37732991,about,19,true,,logo,morning,desktop
e8c29c7c-f4e6-4383-a2b2-b9e595d116e3,form,279,false,,form_field_email,morning,mobile
9c27bd93-4bb3-4e23-80e6-b10d0b8e8249,about,15,true,,nav_form,afternoon,tablet
f597ec3c-41ad-426a-b745-c2bda12f42b3,form,48,false,2,form_field_name,afternoon,mobile
6a914743-8ab6-4bf3-abcc-cfa255eb1c74,home,7,true,,scroll_banner,morning,mobile
3c0aebf7-b62b-4d32-b381-44e3357784d0,home,8,true,,,evening,desktop
3e065f54-329c-490e-a74f-0ed2231e52bb,home,4,true,,scroll_banner,afternoon,desktop
ccecb352-fe15-4575-b9da-ae1ed89822f6,confirm,8,true,,confirm_share_btn,afternoon,desktop
a0bb00ff-6f06-48ad-8d4e-6f96241ab9b2,confirm,10,false,,,afternoon,desktop
68212fca-b574-4c8b-ac4a-6c77a1fa0c58,form,390,false,3,form_cancel,evening,mobile
31a737d0-fb5b-422d-8d4a-5868d64d5652,home,11,true,,hero_cta,evening,desktop
e0077c32-e0b3-4e2f-a894-ce2abd32b13e,home,15,true,,scroll_banner,morning,desktop
fc4499e3-edbe-457f-b994-2213d64637bb,confirm,10,false,,logo,afternoon,mobile
4d19ea81-fd6b-47d1-9096-2a8aa4fe4320,home,9,true,,,afternoon,mobile
978775b5-c02d-4785-9c64-205cc72a5775,confirm,7,true,,,afternoon,desktop
c6b33389-31d3-4add-a334-6cdc323cddf1,home,15,true,,logo,evening,tablet
a1033b3e-106d-4fef-b45f-943a14c1eb7c,about,9,true,,nav_home,afternoon,desktop
9c9541b9-0465-4606-bc71-de2cfaa55965,home,74,false,,nav_form,evening,mobile
591944a2-7a09-4057-922d-bb67fb78ea0d,home,12,true,,,evening,mobile
6964b77d-8e1d-4a39-8ece-38d5409e3c29,home,14,true,,scroll_banner,evening,desktop
e020301b-75f8-4cf5-adb1-fbfefaf25a3e,about,64,false,,team_card,evening,desktop
901499c1-1cfd-4cfa-ad33-5d8baa5706a6,home,15,true,,nav_about,afternoon,tablet
1231c15e-72b5-4833-83c9-63e378e5d63f,about,220,false,,footer_link,morning,mobile
947c4bd6-9db9-407c-a7ce-089d97b09801,home,8,true,,scroll_banner,afternoon,mobile
78f2cf18-b2b3-446e-9081-ec25209eb39e,form,372,false,1,form_cancel,evening,mobile
4eee67d1-fbfd-4c40-ab22-8902cead4da9,form,250,false,2,form_cancel,afternoon,desktop
e2b321fb-4dc0-48fc-8e67-56d9eb2f0f42,form,379,false,2,form_field_name,afternoon,desktop
8dd5b1b6-642f-404a-9e7a-d6c7c42ae58b,home,13,true,,,afternoon,desktop
f6a9a95f-cf99-4867-84c1-d4fc4e3da31b,home,15,true,,,morning,desktop
5be0e3fa-7394-4056-8d57-62dd7885bdc5,form,190,false,1,form_field_email,afternoon,desktop
41ee0cd6-8eaa-486f-ad1f-f9ce42793ff5,home,4,true,,hero_cta,afternoon,desktop
1bfbd966-c472-4b3d-bc3b-9383ebf73420,home,8,true,,,morning,desktop
e8c29c7c-f4e6-4383-a2b2-b9e595d116e3,home,59,false,,hero_cta,morning,desktop
75800c7d-b1af-4daf-baf9-9611d501327d,home,165,false,,scroll_banner,evening,desktop
17c7db78-d02c-457a-be5e-d49f0205467f,form,253,false,3,form_cancel,afternoon,mobile
04f38920-765e-4616-8d08-ce6498c990fe,home,4,true,,,evening,desktop
fa034d3b-6adc-4a46-8617-43852da6c399,home,109,false,,logo,afternoon,tablet
f2f49916-034a-427c-a8af-1f0c72c3e125,about,15,true,,nav_form,evening,mobile
8bcdeae5-f9d6-4db1-9ddd-db5b14ec0e4d,form,306,false,4,form_field_name,morning,mobile
cecd80d5-8791-428c-b5b4-cbff8040688e,form,24,true,1,form_cancel,evening,desktop
6d2a6ea9-ff90-4f7f-91c1-ea64635f8616,home,14,true,,,evening,desktop
84f15f89-2d19-4d65-b8a9-af31635e3ae8,home,81,false,,nav_form,evening,tablet
2a608101-4946-4afd-83b2-6078492e2c18,home,9,true,,nav_about,afternoon,tablet
b9576c23-42df-49e3-8879-365f22677b63,home,6,true,,scroll_banner,morning,desktop
c1668a5e-70d6-410f-8a53-6549e183109b,home,124,false,,nav_about,afternoon,tablet
f332bd76-0890-4ba6-baa7-40f62393dde3,about,124,false,,nav_home,evening,desktop
7028d8d4-7a7e-42fd-8e14-3a30e6b08a0e,confirm,58,false,,logo,evening,mobile
6f8a91cd-7fda-4cca-b95b-265e21dc8d67,confirm,82,false,,confirm_home_btn,morning,tablet
85f38bcf-d7ca-476a-9454-875bb0004d4a,home,7,true,,,morning,mobile
45376969-f86d-4d5c-8079-184318af7ea2,form,201,false,,form_next_btn,morning,desktop
fbf7d938-7c4a-4bb7-b5f1-fe85adf61207,form,22,true,2,form_cancel,afternoon,desktop
bffd1918-c6e8-42c5-83f3-1200d8867415,home,106,false,,nav_about,morning,mobile
309d1f0f-4a6c-48a2-a8d0-f947fb26ba42,form,23,true,,form_field_email,morning,desktop
421cdb2f-2854-402e-93a6-41dd6f451930,home,34,false,,,evening,desktop
658b6332-61b1-4c90-a829-8c0489a1116f,confirm,7,true,,logo,evening,mobile
c860eeaa-795f-476d-81c3-d4b43cf9d066,confirm,19,false,,confirm_home_btn,morning,mobile
e1856f79-1d3a-4344-973c-756ecba80864,confirm,8,true,,,afternoon,desktop
17c7db78-d02c-457a-be5e-d49f0205467f,confirm,12,false,,confirm_home_btn,afternoon,desktop
70d28d00-6ada-4a23-b912-45cd4812b6f4,home,7,true,,,afternoon,desktop
1e9f8fb1-3e5e-45b1-a8c0-ef43ecfd40ac,form,20,true,1,form_back_btn,afternoon,desktop
1b26c10d-aa44-4a25-8a1a-4ba6f59de782,about,94,false,,team_card,afternoon,mobile
5d38ec35-ac1c-4456-9d3a-fe9c2fe596cc,form,45,false,1,form_field_name,afternoon,tablet
64581755-e39a-4330-9001-7bcd51025037,home,34,false,,nav_form,evening,mobile
2d85ac09-e7fc-4276-b057-eb084aa28e8b,home,108,false,,scroll_banner,evening,desktop
3df81e1e-9c16-407c-b0a8-f8da653581c6,about,19,true,,team_card,morning,tablet
2130b76c-4999-4065-8edf-090d6fe114d9,confirm,73,false,,confirm_share_btn,evening,tablet
69ba42b8-c7d0-4e39-a934-c3db99eb22e9,home,5,true,,nav_about,afternoon,mobile
4ab7bd58-1315-4ac3-a022-4e00df2950eb,confirm,74,false,,,morning,desktop
1b183d8f-3b19-47f8-a6e4-6d3a79a8d935,home,14,true,,scroll_banner,evening,desktop
7566fdf8-ce60-46f1-815a-05ca838f2709,confirm,43,false,,confirm_share_btn,afternoon,mobile
6771f4b9-82cb-41b1-87b4-33771c88fb6b,home,12,true,,,afternoon,mobile
73060f22-6238-4779-aa61-e4b3e6894669,confirm,23,false,,logo,afternoon,mobile
e0ded0d1-d052-495b-8007-52d43ed5a9a3,about,234,false,,nav_home,afternoon,desktop
2e19f1ac-7a06-4d49-9f7f-6d09138184ad,home,9,true,,nav_about,evening,tablet
b8fe89f5-13b2-4146-9754-6a2790df55b0,form,304,false,3,form_field_name,afternoon,mobile
5183f317-ab51-4acf-8e73-d519e3e1e5ed,home,4,true,,,afternoon,mobile
5e031a3c-bf39-4707-82bd-10e61c2538bf,form,323,false,1,form_field_email,afternoon,desktop
44501287-99a8-4284-98d4-64bd65735dda,home,11,true,,,morning,desktop
69895e20-4e28-4a02-9541-72b4fa50c073,confirm,18,false,,confirm_home_btn,evening,mobile
a9845208-03c2-4e66-830b-6d93ba448ed5,home,44,false,,nav_about,morning,mobile
85d8c104-9497-457a-8d96-6ca4f6c157ac,confirm,10,true,,confirm_home_btn,afternoon,mobile
57d35eec-f8a5-49fa-b632-7ed09a7359c2,confirm,31,false,,logo,afternoon,desktop
52163292-941b-475f-a470-f2b7d3ab022d,home,6,true,,,evening,mobile
8f80c822-f308-419f-b276-922a4b477d73,home,11,true,,nav_form,morning,tablet
82ff0085-f0d9-457b-b935-d53873b31e64,home,127,false,,footer_link,evening,mobile
d03e5ce1-bffb-470b-a8e5-238f966b6acb,confirm,41,false,,confirm_home_btn,evening,mobile
96218aad-3695-4010-89f1-eb2828899a8a,form,402,false,,form_field_email,afternoon,desktop
c1668a5e-70d6-410f-8a53-6549e183109b,form,92,false,1,form_field_name,afternoon,mobile
6a737250-1ed8-405c-a55c-c9b7b7283038,home,39,false,,scroll_banner,afternoon,desktop
d0dbb3ab-a166-4d4d-b3cc-191a78826eb9,home,169,false,,scroll_banner,evening,desktop
2235c109-3d88-47e7-b79e-08fc66ec75df,form,302,false,4,form_next_btn,evening,desktop
33aaba4c-8620-4310-a7db-610c52a2a473,about,11,true,,team_card,afternoon,mobile
08c91ae8-8ddf-46e1-9550-c12638af92af,form,172,false,,form_submit,afternoon,desktop
1a112387-9419-421f-b78c-778e3a77c09c,confirm,11,false,,confirm_share_btn,morning,tablet
bc9741dc-64d1-4c38-8642-9c4861475d75,home,15,true,,,morning,desktop
bfba79e0-bec3-4aa5-bc87-ee195eb53176,home,4,true,,,morning,desktop
28a0ad5a-be99-43e7-8431-805fc7bdace0,form,15,true,1,form_field_email,morning,desktop
98e00912-b856-43b3-852b-3209e7800cf0,home,103,false,,nav_about,afternoon,mobile
e531442c-cd37-4aba-85b1-3582e2eef79d,home,10,true,,,evening,mobile
a46909af-0abb-45ae-994b-a1ed93eb303c,home,11,true,,,afternoon,mobile
4d361a5e-50cd-4ae6-9c3c-e494773dd14d,home,9,true,,,morning,desktop
0ed974e5-3853-443f-be84-1b3952594de3,home,15,true,,,afternoon,desktop
2654881a-e94e-4445-8c5f-99725683aae4,form,16,true,1,form_next_btn,morning,desktop
bb68edd5-cb4d-463a-ae28-7e4b5c977dd9,home,12,true,,,afternoon,desktop
2fa67321-98dc-4287-b04c-a40978613201,home,5,true,,logo,evening,tablet
7028d8d4-7a7e-42fd-8e14-3a30e6b08a0e,form,278,false,4,form_next_btn,evening,mobile
1cc7da29-d350-442f-b86b-fdcdd6949c2a,confirm,47,false,,confirm_home_btn,afternoon,desktop
f95965c1-bf87-40a8-8856-94d64866b2fb,form,110,false,2,form_next_btn,evening,mobile
20a79103-6abb-4b0e-93fa-3be070b4c040,about,173,false,,footer_link,morning,mobile
46dbd6ca-9901-4e8e-8770-28dfd6477620,home,14,true,,,morning,mobile
4eee67d1-fbfd-4c40-ab22-8902cead4da9,confirm,71,false,,confirm_home_btn,afternoon,mobile
0241960a-594e-4bec-bc56-84ce4244fa9a,home,14,true,,,evening,desktop
7c6a8916-04ca-40bf-8fb8-eaab4113c343,home,5,true,,logo,afternoon,desktop
366bd1c6-5b01-4eab-9dde-82473614da40,home,9,true,,,afternoon,tablet
7017efaa-b3f2-423e-8d94-e70fb4df7401,home,15,true,,,morning,desktop
282b21ee-6acc-45be-ab4c-6520c7753361,home,6,true,,nav_about,afternoon,desktop
4c0262aa-f45f-406e-96eb-9ad621e4d207,form,131,false,2,form_cancel,afternoon,desktop
6b1dcd83-07b4-45d9-a0cc-8cc119134cf0,home,5,true,,,afternoon,mobile
b1b45a0b-bdf3-4e5c-b39b-6d3fdf0b3503,about,18,true,,footer_link,afternoon,desktop
7037e8ed-e7c6-4083-8eab-9d8268bb98ea,about,108,false,,,afternoon,mobile
f95965c1-bf87-40a8-8856-94d64866b2fb,confirm,19,false,,logo,evening,desktop
bb22afb6-d16b-4f23-87d7-13259d4d0ab6,home,10,true,,logo,evening,mobile
77357919-451e-40ab-bd0e-9b49aee47f07,confirm,19,false,,confirm_share_btn,afternoon,tablet
f332bd76-0890-4ba6-baa7-40f62393dde3,form,202,false,1,form_field_email,evening,desktop
d6b59ee6-70d9-4d33-b8e6-a8d04c4a2ae7,home,13,true,,hero_cta,evening,mobile
64581755-e39a-4330-9001-7bcd51025037,about,177,false,,logo,evening,desktop
51616c61-a5f1-4074-bc1a-cc667ff4be30,form,373,false,1,form_cancel,afternoon,desktop
e48d94f7-99f7-49f3-886e-fcbcb630b269,form,469,false,1,form_field_email,afternoon,desktop
2292630c-0d58-41b6-b4be-eb69d205f565,home,8,true,,logo,afternoon,desktop
d3c35f2b-1d87-44bc-8790-149242f7bf8c,home,7,true,,nav_about,afternoon,mobile
498231c6-94a7-4394-8d3f-dcff6f865118,form,79,false,4,form_next_btn,evening,mobile
9b8c2912-7292-4148-b178-4a0e279043ae,about,16,true,,nav_home,evening,mobile
1231c15e-72b5-4833-83c9-63e378e5d63f,home,60,false,,scroll_banner,morning,tablet
f7307a4d-291a-41d8-96cc-a9eabdd20917,home,5,true,,,afternoon,desktop
b1aaab42-aac9-4586-81b3-a50385f8f04c,about,147,false,,logo,afternoon,desktop
7414386f-ed10-40b7-9183-9862f9260f65,about,19,true,,team_card,morning,mobile
e8c29c7c-f4e6-4383-a2b2-b9e595d116e3,about,55,false,,,morning,desktop
1ad21576-3169-4595-8643-c15f745732eb,about,16,true,,nav_form,afternoon,desktop
6122074b-8328-474d-a33e-ebcbd8fee7f8,home,15,true,,nav_about,morning,mobile
f1523e35-3ee6-4e63-ac72-1a1ca48855e2,form,206,false,3,form_submit,evening,desktop
7f703a6f-b035-4397-8f5c-8873aaf01446,about,8,true,,nav_form,afternoon,mobile
e37d1fd9-ca0e-4f5b-a7bd-6e5f3b4cc2d2,about,13,true,,,afternoon,desktop
96f15db0-a73b-4eb1-a477-2ad8187fd47c,form,458,false,4,form_field_email,evening,desktop
e74e0115-d859-4db9-ada5-700c435996eb,home,138,false,,,evening,desktop
59973b29-e698-4485-af97-b47c87cb32e6,home,13,true,,,evening,desktop
e0ded0d1-d052-495b-8007-52d43ed5a9a3,home,27,false,,scroll_banner,afternoon,desktop
623dbaf0-ecd4-49d4-9d62-e78c225d4716,home,9,true,,,afternoon,desktop
6ec0732c-2b47-4821-a34a-dd2b7165f737,about,68,false,,,evening,desktop
7037e8ed-e7c6-4083-8eab-9d8268bb98ea,home,24,false,,hero_cta,afternoon,mobile
ae22189a-c548-4915-bc61-061fcc111832,home,7,true,,,morning,mobile
6215f3aa-795d-4c9f-9f16-d5e689e70d25,home,12,true,,,evening,mobile
96218aad-3695-4010-89f1-eb2828899a8a,confirm,89,false,,logo,afternoon,mobile
db3ec121-f1e3-406e-97b7-ebed6159450b,home,12,true,,,morning,desktop
558d6d4b-7170-41de-bd23-3231eaed6bd6,home,5,true,,,evening,desktop
f454f20d-1cba-41e5-9578-66bab1b09b8a,confirm,27,false,,,evening,desktop
ae98ab58-5c60-41fe-99eb-2a0c1b0e7bfc,form,365,false,1,form_next_btn,afternoon,desktop
f1523e35-3ee6-4e63-ac72-1a1ca48855e2,confirm,52,false,,logo,evening,desktop
a02253e3-3b19-4c73-a87b-19f86b31d36a,about,15,true,,team_card,evening,tablet
c73a09d4-6c3d-4062-8e83-40ec8519496a,confirm,29,false,,,evening,desktop
0419c8d4-e0f9-4645-922d-d00498de3c20,about,8,true,,,afternoon,desktop
dd2b4806-e367-48b5-b780-17950fa5143c,form,50,false,2,form_back_btn,morning,mobile
2b5bb4b5-6714-402c-9357-b3684b952a7f,home,6,true,,scroll_banner,morning,mobile
ab05d262-d192-46e5-ba27-da1bfddfbaaf,about,9,true,,nav_home,morning,desktop
20139dd9-f3c1-45a9-a8c1-53d2a1b607da,about,18,true,,team_card,morning,mobile
75a3f3f3-06dc-4e22-b715-bfe451e5a35e,home,8,true,,logo,afternoon,mobile
180a6b48-27a2-4d90-919a-d4f7f1376ca0,confirm,5,true,,confirm_share_btn,morning,mobile
8cdf863f-1273-4323-9ffd-cf66e20528a6,home,6,true,,,afternoon,mobile
1334aaa6-03b6-4351-a6c1-52402367d4a0,about,87,false,,,morning,mobile
45ef17c1-8921-4d03-9d3f-cab2de47393c,confirm,46,false,,confirm_home_btn,afternoon,mobile
6902c4c9-e9a1-44f4-9b02-3bc9980c2383,confirm,6,true,,logo,afternoon,desktop
b8305bd2-3986-4dfd-b494-ee995b1f70b9,home,7,true,,,morning,desktop
31f6033f-b6f4-4e41-9bd7-4353b202db12,home,11,true,,footer_link,afternoon,desktop
51616c61-a5f1-4074-bc1a-cc667ff4be30,confirm,67,false,,logo,afternoon,desktop
83f946be-f44f-4b16-963e-ad7f3344410b,about,16,true,,,evening,mobile
60029e84-a6cf-435e-9166-da5eeaceff85,about,19,true,,team_card,evening,desktop
8a212357-2fc1-471b-bd17-cea658e1549f,home,4,true,,hero_cta,evening,desktop
32b2e2e4-19d3-4b93-9716-1e7ea7770af0,home,72,false,,scroll_banner,evening,mobile
96f15db0-a73b-4eb1-a477-2ad8187fd47c,confirm,10,false,,,evening,desktop
262853d7-3ac0-443d-be2c-6eed59758a55,home,176,false,,scroll_banner,evening,desktop
42115e0f-63c8-476f-89e4-4e920eed4674,about,12,true,,,afternoon,mobile
b7f5c7e5-abde-4b29-9c11-38bc661a259f,home,8,true,,,afternoon,mobile
78f84327-4885-4f4d-904e-31b441649486,home,5,true,,,afternoon,tablet
84f15f89-2d19-4d65-b8a9-af31635e3ae8,confirm,51,false,,logo,evening,mobile
40c4d370-3200-4ff4-9d2d-b13ba6f63fb4,home,82,false,,logo,evening,desktop
a689cb77-cbc6-4d15-9ec0-9bfc1e854cef,home,13,true,,nav_about,afternoon,desktop
20a79103-6abb-4b0e-93fa-3be070b4c040,form,298,false,2,form_submit,morning,mobile
d4e03784-5da4-41ba-ae61-527a28431b21,confirm,9,true,,confirm_home_btn,morning,tablet
8c641af9-f69f-48ac-8e8c-ffd2046e060b,confirm,7,true,,,afternoon,tablet
34224994-fe0d-4cdc-b702-f647b3700156,form,48,false,1,form_cancel,afternoon,tablet
cf63b8b6-1147-4457-9bb9-fd16c913172b,home,14,true,,hero_cta,afternoon,desktop
a3ac4465-4541-429a-b4f6-9dd272aea9fc,form,20,true,1,form_cancel,morning,mobile
1b26c10d-aa44-4a25-8a1a-4ba6f59de782,home,59,false,,,afternoon,desktop
40c4d370-3200-4ff4-9d2d-b13ba6f63fb4,confirm,51,false,,confirm_share_btn,evening,mobile
279e1d59-5b2e-4168-87b3-a1dd5e5f479e,about,9,true,,,evening,desktop
998ec566-ba13-4d6b-99b4-b5806bc96b5b,about,16,true,,logo,evening,mobile
e8baab79-79f6-4362-9ca2-3879662759e9,about,15,true,,logo,afternoon,tablet
e280660f-ba75-4411-b91a-f7a90e5b5535,confirm,63,false,,logo,morning,desktop
51fba8cd-ed18-4027-a4db-90705dd7ad9f,about,17,true,,nav_home,afternoon,mobile
0376633b-849a-48bf-8456-77860902a38f,home,4,true,,nav_about,afternoon,mobile
58cada33-fcf6-4928-a2de-d02f9078e098,form,478,false,2,form_next_btn,afternoon,mobile
807e9370-77e9-499a-a6e1-0ded317a8209,form,199,false,4,form_next_btn,morning,desktop
63522da1-bf9c-4ef1-87dc-57d15039471a,home,11,true,,scroll_banner,morning,desktop
c18574b9-32a2-4a9b-8039-1112c4878745,about,8,true,,nav_home,afternoon,mobile
5fccafcd-8a13-4b8c-b16e-8c39da74abb3,home,10,true,,logo,afternoon,desktop
6c822398-7249-44ab-b936-a555556bd2ba,confirm,8,true,,logo,morning,tablet
c25c3f18-e2de-4c54-a7b1-babaf4d7c1cd,confirm,9,true,,confirm_home_btn,afternoon,mobile
73060f22-6238-4779-aa61-e4b3e6894669,home,111,false,,footer_link,afternoon,tablet
e0ded0d1-d052-495b-8007-52d43ed5a9a3,form,84,false,2,form_next_btn,afternoon,mobile
ec9c06cb-9eb6-4648-8a4d-3ae0f8ea98da,home,135,false,,hero_cta,evening,mobile
f95965c1-bf87-40a8-8856-94d64866b2fb,home,58,false,,nav_about,evening,desktop
96218aad-3695-4010-89f1-eb2828899a8a,home,146,false,,nav_form,afternoon,mobile
0cdd9ac8-99ae-4942-babd-d8262c2a1dad,home,13,true,,,evening,desktop
82ff0085-f0d9-457b-b935-d53873b31e64,confirm,35,false,,confirm_share_btn,evening,mobile
3a267cdc-4c15-4b02-9ff7-895ff91fcea0,confirm,10,true,,confirm_share_btn,evening,mobile
e12b24c0-8c32-4d88-aa13-3345c9e52c11,about,10,true,,,morning,tablet
fc4499e3-edbe-457f-b994-2213d64637bb,home,32,false,,nav_form,afternoon,mobile
ff247a81-9248-4265-ab74-ea8f3fbfea99,confirm,17,false,,,morning,desktop
ae29718b-c2f8-406e-992f-a0ff36440f2c,about,18,true,,logo,afternoon,mobile
e6a5bae5-6bb1-4e6a-b8a2-e4b38666ba19,home,13,true,,hero_cta,afternoon,mobile
0b8856af-b1d6-4504-9c8f-f132bcd38023,form,18,true,1,form_cancel,morning,mobile
c2507cd5-2138-4c41-9a95-95fe70863c02,confirm,30,false,,confirm_home_btn,morning,desktop
38877c40-9512-4ebf-8597-e52850701437,home,14,true,,,afternoon,mobile
009801db-2517-4741-a196-d727449d44b7,confirm,57,false,,,afternoon,mobile
183f9943-0beb-4eae-8809-63cb9c5e27b2,home,14,true,,,afternoon,mobile
87beeab1-efbf-4c3a-982e-f4e4d0ae0c12,about,19,true,,team_card,afternoon,mobile
605a6070-e06c-403b-bb2a-a9ae5d983f1d,home,8,true,,nav_about,evening,desktop
421cdb2f-2854-402e-93a6-41dd6f451930,about,129,false,,logo,evening,desktop
572bd88f-aa5d-4bfc-b170-ccf4e5e56b2e,home,6,true,,scroll_banner,afternoon,mobile
a61b16d8-3919-4aed-8c41-f1a8a4229519,home,57,false,,hero_cta,afternoon,desktop
e9811b6c-34d1-4c80-ac22-9d6181f3b498,confirm,61,false,,,afternoon,desktop
bc28a816-7e2c-446f-b62f-fa194271a028,form,363,false,1,form_next_btn,afternoon,mobile
6625c032-9572-4213-a233-221ab2040789,home,13,true,,,afternoon,mobile
3c26076e-6588-4aa1-b2f1-2912df9f1046,home,4,true,,hero_cta,morning,desktop
68212fca-b574-4c8b-ac4a-6c77a1fa0c58,confirm,66,false,,,evening,desktop
bce8c6f8-09d2-471e-b97d-f657c267feb7,home,14,true,,scroll_banner,afternoon,desktop
c6b0d4ef-c8cb-4b83-9a50-2a38fff165bc,home,7,true,,nav_about,evening,mobile
c5c8d2ff-edcb-4040-addc-3fdc4c02a6b3,about,10,true,,logo,afternoon,desktop
9520e499-6928-43e0-9256-483694c6510e,home,6,true,,,morning,mobile
bfd37fd8-2bf1-4af1-9dc9-6aa06b202037,home,8,true,,footer_link,evening,mobile
c15c7613-db95-470d-8ed4-8e84b0983ce4,confirm,8,true,,,morning,mobile
9762a169-0629-41c5-bf5f-507e5a25f5a2,home,5,true,,,afternoon,desktop
6b67c065-e7b6-4393-aea4-0373c4e6a7a2,home,9,true,,logo,afternoon,desktop
410de89a-b104-4c09-802e-e38c9229a170,confirm,31,false,,confirm_home_btn,morning,mobile
5534c255-0bac-43dd-ac60-75d2aa774297,home,14,true,,,afternoon,mobile
d8f95b1e-5d23-4f73-afea-2479f721d3ec,about,160,false,,,evening,desktop
c5855a84-b8a3-4e9e-b15b-eccf5a7d4167,home,4,true,,nav_form,afternoon,desktop
4dfcbd4d-9b9a-4400-9bbb-d743e724866e,confirm,10,true,,,morning,tablet
cfb9cec4-9f41-442f-9ed8-27cadb2940ed,home,8,true,,,evening,desktop
08c91ae8-8ddf-46e1-9550-c12638af92af,about,37,false,,nav_form,afternoon,mobile
0ba5dbce-5443-4edc-ba13-69aa1f3bf7ba,about,149,false,,footer_link,afternoon,desktop
6ec0732c-2b47-4821-a34a-dd2b7165f737,form,355,false,4,form_submit,evening,tablet
cc41ac87-7042-47b4-9d40-c022ac208b3c,about,17,true,,team_card,morning,mobile
f52fc8af-1bed-4be1-9b11-660bfb5cc831,home,9,true,,,afternoon,mobile
f5f23954-9380-4896-91a1-24e2128731b3,home,10,true,,hero_cta,evening,desktop
dd3991d4-69fa-4cbd-9533-cb2cca048294,home,13,true,,,morning,tablet
3a90e87d-b65e-4faa-b0c2-0f77496774aa,form,403,false,1,form_next_btn,evening,desktop
083ce3a6-54e1-4711-b303-33d874f8ded0,home,5,true,,scroll_banner,evening,mobile
02481e64-db9c-4290-9cb5-4dd979dba217,home,9,true,,logo,afternoon,mobile
338f7922-30ea-48ad-a715-1e8abf00fb75,home,13,true,,nav_about,morning,desktop
9e25d3ab-28f8-4f29-9bb3-231489863317,confirm,72,false,,confirm_home_btn,afternoon,desktop
b2083554-8270-4180-81b5-12c3e8454685,about,13,true,,,afternoon,desktop
d7c2b293-e9e2-4080-b0d2-0fd3b729b783,home,4,true,,nav_about,afternoon,mobile
f31a7c1e-b8d3-4213-8577-5f035606b144,about,13,true,,team_card,morning,desktop
fa034d3b-6adc-4a46-8617-43852da6c399,form,355,false,2,form_next_btn,afternoon,desktop
184e7b52-5b2f-454f-a8b8-702240c88793,home,13,true,,logo,morning,mobile
a0405ea0-b0d3-4b29-9184-29e935a1cfa0,confirm,84,false,,confirm_home_btn,morning,mobile
d0f91940-ce3f-41ec-9734-f3e6ab3e27f1,home,15,true,,scroll_banner,evening,tablet
cb0dc339-1bc9-44cd-ba66-dc3ffae3c310,home,4,true,,,afternoon,mobile
1334aaa6-03b6-4351-a6c1-52402367d4a0,form,326,false,1,form_cancel,morning,desktop
7566fdf8-ce60-46f1-815a-05ca838f2709,form,39,false,4,form_submit,afternoon,mobile
897f21f5-739d-4998-969a-1a7fe4db7bc2,home,52,false,,nav_form,afternoon,desktop
2cfd6f67-c3a3-4ee1-a659-a2d5ca601d72,confirm,6,true,,logo,morning,tablet
72025c3c-28a0-4e91-b0ec-191624e2060b,home,5,true,,hero_cta,evening,desktop
bffd1918-c6e8-42c5-83f3-1200d8867415,form,366,false,4,form_field_email,morning,mobile
e280660f-ba75-4411-b91a-f7a90e5b5535,form,390,false,1,form_field_name,morning,desktop
a9845208-03c2-4e66-830b-6d93ba448ed5,form,26,false,4,form_field_email,morning,desktop
b1aaab42-aac9-4586-81b3-a50385f8f04c,home,112,false,,logo,afternoon,mobile
2d85ac09-e7fc-4276-b057-eb084aa28e8b,confirm,47,false,,logo,evening,mobile
bcb8972d-108b-4900-8ec1-bc690c80dad7,home,6,true,,hero_cta,evening,mobile
897f21f5-739d-4998-969a-1a7fe4db7bc2,confirm,71,false,,confirm_share_btn,afternoon,desktop
9c9541b9-0465-4606-bc71-de2cfaa55965,confirm,28,false,,confirm_share_btn,evening,mobile
fa77fae0-39d7-4fa7-b4ba-c5856b490d78,home,6,true,,,afternoon,tablet
8a41ff8d-1b2a-4b91-9c44-25ffd8721d17,home,5,true,,,afternoon,mobile
6856d3c6-b01d-45f4-9aa8-41370b59ee4b,confirm,38,false,,confirm_share_btn,evening,mobile
8db41718-de18-4454-9495-2d9b1c653280,form,20,true,2,form_next_btn,morning,mobile
46bd438e-f084-45ae-823a-d734a6c4879c,form,388,false,3,form_submit,afternoon,mobile
b38658bb-f865-427f-b0f2-d98b98d33f48,home,123,false,,nav_form,afternoon,desktop
bc28a816-7e2c-446f-b62f-fa194271a028,home,111,false,,footer_link,afternoon,desktop
0e10fde8-10b3-4964-b3c7-f3d313270b31,home,14,true,,,afternoon,desktop
f320355b-430a-41b1-815a-565f81bc2ca8,about,8,true,,logo,afternoon,desktop
aa5ad89e-b5ac-41e6-bfdd-bf3c16c09366,about,9,true,,,morning,desktop
6c765a96-f227-46fb-827b-ad7fe80f5ea1,form,318,false,3,form_next_btn,morning,mobile
06240b28-f3fe-407b-b780-3e4c8e0f2ea7,about,18,true,,,afternoon,desktop
11926a9a-ebca-41c6-9952-f05c47f6a5c8,confirm,5,true,,logo,morning,mobile
13ad78bf-92e4-475b-ba0e-4281c8d136ea,home,11,true,,,morning,mobile
6856d3c6-b01d-45f4-9aa8-41370b59ee4b,form,306,false,2,form_field_email,evening,desktop
4eee67d1-fbfd-4c40-ab22-8902cead4da9,home,161,false,,nav_form,afternoon,desktop
a87fd395-d47d-46cf-a9c4-7001f48a8471,home,4,true,,nav_about,afternoon,desktop
1334aaa6-03b6-4351-a6c1-52402367d4a0,confirm,79,false,,confirm_share_btn,morning,mobile
aafce34e-c548-4282-b9d5-65baf221aefe,confirm,32,false,,confirm_share_btn,morning,desktop
7f4b5692-bfbc-42fd-aedb-80dfccf8195a,about,13,true,,,afternoon,desktop
85aad4b1-c1fc-43b0-a061-d7953bc365e6,home,8,true,,hero_cta,evening,desktop
46bd438e-f084-45ae-823a-d734a6c4879c,about,62,false,,nav_form,afternoon,desktop
1e0149ba-8c55-4836-b206-009dbc758220,home,12,true,,nav_about,afternoon,mobile
96105e75-40b9-44f3-bc10-a376fe49036b,form,223,false,3,form_next_btn,afternoon,mobile
620e5226-922a-4b5b-bddb-da5300435e99,about,18,true,,logo,afternoon,desktop
eabee841-4cc9-4071-906e-ef18ad0d70f8,home,14,true,,hero_cta,afternoon,tablet
12edfeae-2cea-40b7-b6d9-af6b40f2b935,home,11,true,,scroll_banner,evening,desktop
c84d0461-f8f3-4b0d-8864-55409ac6adc6,confirm,82,false,,confirm_share_btn,afternoon,tablet
4ca314dc-c797-4c0d-a7b2-044fd5031c1b,about,17,true,,,evening,desktop
27beaa8b-e49d-49c5-9308-0b5274dd1f8d,about,9,true,,nav_home,evening,mobile
99b9c450-1f49-4b46-994c-5b324a93cc1f,form,46,false,3,form_next_btn,evening,desktop
ff247a81-9248-4265-ab74-ea8f3fbfea99,form,392,false,1,form_next_btn,morning,mobile
17ca8239-0340-4b59-8a57-d5156a6dc3f5,home,15,true,,,afternoon,desktop
0081a4e5-1e13-46d1-9006-9140cb1ae35d,confirm,52,false,,confirm_share_btn,morning,tablet
f1ff8393-6749-4b4e-824f-0df7d3c40fa9,home,15,true,,,morning,desktop
3233c7e4-c624-46a3-855e-6c1e47d8fbc1,home,9,true,,hero_cta,afternoon,desktop
e373222d-d67b-40b7-b179-976cad1330e1,home,7,true,,,afternoon,mobile
f54002c1-ca79-4611-93ab-2334c413d033,home,15,true,,nav_form,afternoon,desktop
6ec82f42-e0c1-49ec-a283-e62db44885f2,form,288,false,3,form_next_btn,morning,desktop
45ef17c1-8921-4d03-9d3f-cab2de47393c,about,21,false,,logo,afternoon,mobile
92a6b8bb-58f5-4d68-848c-41fa3b6ca312,home,7,true,,nav_about,afternoon,desktop
c4cf64dc-50ed-45f2-a6f8-bcdc249812df,home,11,true,,,morning,desktop
a9845208-03c2-4e66-830b-6d93ba448ed5,confirm,70,false,,logo,morning,desktop
6f7e0b72-bc54-4f6a-b7d0-33cdcf6aae58,home,65,false,,nav_form,evening,desktop
a0bb00ff-6f06-48ad-8d4e-6f96241ab9b2,home,61,false,,,afternoon,desktop
19070e77-cdfa-48b3-be68-08b00968dc67,confirm,88,false,,confirm_home_btn,afternoon,mobile
aafce34e-c548-4282-b9d5-65baf221aefe,home,71,false,,logo,morning,mobile
88a340f5-6d97-4377-b402-a3261aafacc7,home,9,true,,hero_cta,afternoon,mobile
c07e76e6-916f-44c0-ad4e-639430433669,form,21,true,1,form_field_email,afternoon,mobile
310fd2e7-5d1c-44e6-bdc8-6cc3c8bb145e,home,4,true,,hero_cta,evening,desktop
6dff4c8a-6080-4013-b80a-06330929f08d,home,14,true,,nav_about,evening,desktop
c05a7742-d4cc-4f7e-9f43-1b8347b1a9a0,form,349,false,2,form_next_btn,evening,desktop
517b0c87-c7ef-45ff-a0bf-1b19e83ca14e,home,9,true,,,afternoon,mobile
f1523e35-3ee6-4e63-ac72-1a1ca48855e2,about,105,false,,,evening,desktop
929a04f0-2943-410c-a7b0-46d3abdc9126,about,17,true,,,afternoon,mobile
d9b6480f-88ff-49ac-8c95-ee5ee5c399f4,home,15,true,,,afternoon,tablet
c9ed8e93-ef17-4215-a77c-f63eb7dd0a09,home,14,true,,,afternoon,desktop
6db53d2c-862b-496f-b56e-0ae9b27bf4a4,home,8,true,,,morning,desktop
2be154d2-d510-45d6-a470-3d93bebcfd1d,form,17,true,2,form_next_btn,evening,desktop
803e4324-8054-4356-8d56-9bfa33e61db8,form,319,false,3,form_field_name,morning,mobile
6e354f60-57e2-47a3-bc0d-39950c6762a4,home,15,true,,footer_link,afternoon,tablet
b5548c11-47b0-4a3e-a4f0-fb55f4e8da58,home,15,true,,nav_about,evening,mobile
5cfcd112-521a-4e69-96e2-1e453d4adeb6,confirm,10,true,,confirm_share_btn,afternoon,mobile
b8fe89f5-13b2-4146-9754-6a2790df55b0,about,105,false,,nav_form,afternoon,desktop
9e25d3ab-28f8-4f29-9bb3-231489863317,form,284,false,1,form_next_btn,afternoon,desktop
34224994-fe0d-4cdc-b702-f647b3700156,confirm,39,false,,confirm_home_btn,afternoon,desktop
515d607b-d5ef-4e9d-8b0c-a0f8433cb42d,about,125,false,,footer_link,evening,desktop
6f7e0b72-bc54-4f6a-b7d0-33cdcf6aae58,form,365,false,,form_field_email,evening,mobile
396b868b-248c-401f-92c2-5ec792619981,home,4,true,,hero_cta,evening,desktop
e020301b-75f8-4cf5-adb1-fbfefaf25a3e,home,75,false,,logo,evening,desktop
8e5a7800-2767-4e4c-9cb7-86847c2f86ae,home,8,true,,,evening,desktop
8bcdeae5-f9d6-4db1-9ddd-db5b14ec0e4d,confirm,11,false,,confirm_home_btn,morning,tablet
82c51d13-7f71-4646-89dd-6a125ce59b90,home,4,true,,,afternoon,tablet
572d6537-9f13-43d4-b19c-3a46d18cf1a6,home,4,true,,,morning,desktop
84957bbc-3499-4b3d-b185-a5d99a8facf9,home,12,true,,hero_cta,afternoon,desktop
e74e0115-d859-4db9-ada5-700c435996eb,form,470,false,3,form_next_btn,evening,tablet
885e0e90-a195-4610-a259-f55abf1c2e1f,home,15,true,,,afternoon,mobile
07184148-a1c7-4059-96c6-e01ad2cab902,home,4,true,,scroll_banner,morning,mobile
32b2e2e4-19d3-4b93-9716-1e7ea7770af0,about,119,false,,nav_form,evening,mobile
cbfa583e-ebf9-4011-9dfb-a8d80a1348a8,confirm,7,true,,confirm_home_btn,evening,mobile
9cbcd332-3315-4770-a09b-40e83dbf3035,home,8,true,,nav_about,afternoon,desktop
308d70e8-30cf-40da-a332-176ef3e32e22,home,5,true,,scroll_banner,evening,mobile
a8ba9e14-da44-4f6b-9e15-49b11a4fdc85,form,178,false,2,form_next_btn,afternoon,desktop
a92b9439-2112-45c8-91ba-4ac03820f01c,home,11,true,,footer_link,morning,mobile
96f15db0-a73b-4eb1-a477-2ad8187fd47c,home,30,false,,logo,evening,desktop
1021b251-2971-4ed9-8847-f1d3d4f85b8e,home,8,true,,,afternoon,mobile
efa4a845-4dee-436b-8d4b-8a8106be554d,home,6,true,,,afternoon,mobile
b6aaf626-3da4-49fe-974a-6e86498fcbae,home,5,true,,scroll_banner,morning,desktop
2b59cf5b-5ea0-427c-ac90-9cfaa4fd5485,home,12,true,,,evening,mobile
095b572c-f2d6-44ce-bbe5-569552c4dfad,home,98,false,,logo,evening,mobile
6ec0732c-2b47-4821-a34a-dd2b7165f737,home,67,false,,logo,evening,mobile
49c29c64-f655-45ad-9c04-e13fd002f435,about,9,true,,nav_form,morning,desktop
009801db-2517-4741-a196-d727449d44b7,form,138,false,2,form_next_btn,afternoon,mobile
fcd62a4b-1eed-4a28-a434-299bf88de918,home,4,true,,,morning,mobile
41bab760-839d-420e-98ca-60dfb81da325,home,10,true,,hero_cta,evening,desktop
30be7aad-580a-4380-929e-6ea0de52ce76,home,6,true,,footer_link,evening,desktop
5f62cf62-9f6d-4e34-8faf-8782bccaddc0,form,204,false,3,form_field_name,evening,mobile
4d05ad9a-c147-451a-96be-228dcc5e7e40,home,4,true,,hero_cta,afternoon,mobile
5389bedd-6f0b-4ad3-93da-2d0fd918267b,about,17,true,,,evening,mobile
93b59b9f-652d-40bb-98a7-5879111eea58,home,7,true,,hero_cta,evening,mobile
ddbac779-c61f-47d7-b290-9582efa5f642,form,15,true,4,form_field_name,evening,desktop
498231c6-94a7-4394-8d3f-dcff6f865118,confirm,35,false,,logo,evening,mobile
42c401ba-5c0f-4ba7-89e8-200ea5ffe2a0,home,8,true,,scroll_banner,afternoon,mobile
252ed611-a5bd-45ea-9a6d-e57498fdb5af,home,12,true,,hero_cta,evening,mobile
1a86de5b-2fbd-4934-8f54-7b302e8d866b,home,14,true,,,morning,mobile
6f8a91cd-7fda-4cca-b95b-265e21dc8d67,about,165,false,,nav_home,morning,desktop
19070e77-cdfa-48b3-be68-08b00968dc67,about,109,false,,team_card,afternoon,mobile
18030e7e-9af7-4f18-8fbb-442349b0d837,form,20,true,3,form_next_btn,afternoon,tablet
4c0262aa-f45f-406e-96eb-9ad621e4d207,about,35,false,,,afternoon,desktop
9661a5e3-8464-41d6-9483-193b4fb7476c,home,14,true,,hero_cta,afternoon,mobile
44b30cc5-482b-42ca-ac70-f4eb1579d8f5,home,5,true,,hero_cta,afternoon,tablet
c73a09d4-6c3d-4062-8e83-40ec8519496a,form,332,false,3,form_next_btn,evening,mobile
d2a3ca7b-50bd-449b-8009-95dff02eda7d,home,5,true,,,morning,desktop
cc1894cb-151d-48ef-b807-4716e0823fd1,home,109,false,,footer_link,evening,desktop
bf26c494-3ecd-4863-b1d4-c05ce4d4e32f,home,8,true,,,evening,tablet
bee801a7-c8da-48f3-a223-5dbf335d3e43,home,7,true,,logo,afternoon,desktop
1df4240b-0a7f-4948-98c8-e5fa9d44bfb8,home,4,true,,,evening,desktop
803e4324-8054-4356-8d56-9bfa33e61db8,home,131,false,,footer_link,morning,mobile
84f15f89-2d19-4d65-b8a9-af31635e3ae8,form,438,false,4,form_next_btn,evening,desktop
5fb69319-b2bc-462e-ba29-8c3c5d72e53d,confirm,38,false,,confirm_share_btn,afternoon,desktop
229a7ddf-5817-4344-801b-c993bcd3b5d6,about,115,false,,,morning,desktop
3dd2b8db-4bfd-4a0f-a9a7-3bf8227db919,about,15,true,,logo,afternoon,mobile
d03e5ce1-bffb-470b-a8e5-238f966b6acb,about,63,false,,logo,evening,mobile
afbc3d50-5b69-4531-8f0a-2aad17d9de95,about,15,true,,logo,morning,desktop
bbb724af-0a0e-47f6-85af-d14b7c56601b,confirm,73,false,,logo,evening,desktop
7e5eb5b0-d699-4d91-be91-7601f790361b,form,250,false,2,form_back_btn,evening,desktop
46bd438e-f084-45ae-823a-d734a6c4879c,home,46,false,,logo,afternoon,desktop
7037e8ed-e7c6-4083-8eab-9d8268bb98ea,confirm,83,false,,confirm_share_btn,afternoon,desktop
3af28435-7c1e-4dc4-8246-f50461eff77d,home,8,true,,nav_about,afternoon,desktop
6f7f47ce-b278-42ff-a6db-ee3d1242f2d7,home,11,true,,,evening,desktop
498231c6-94a7-4394-8d3f-dcff6f865118,about,128,false,,,evening,desktop
6c765a96-f227-46fb-827b-ad7fe80f5ea1,confirm,89,false,,confirm_home_btn,morning,mobile
095ebb08-893a-4b86-b518-8bc70acdb4b3,home,9,true,,scroll_banner,evening,desktop
c2507cd5-2138-4c41-9a95-95fe70863c02,form,266,false,2,form_field_email,morning,tablet
9304b98d-ac50-4ad3-b79f-f07200bfb4e7,home,178,false,,nav_form,afternoon,mobile
32b2e2e4-19d3-4b93-9716-1e7ea7770af0,form,432,false,1,form_field_name,evening,mobile
c981be36-0e94-4f5c-9b24-59be2283baf1,home,133,false,,logo,afternoon,mobile
d9a59d69-0bfc-4775-a344-c07185db4e2d,form,196,false,2,form_next_btn,evening,desktop
3a90e87d-b65e-4faa-b0c2-0f77496774aa,home,90,false,,,evening,mobile
0ba5dbce-5443-4edc-ba13-69aa1f3bf7ba,form,439,false,4,form_next_btn,afternoon,desktop
3a90e87d-b65e-4faa-b0c2-0f77496774aa,about,149,false,,,evening,mobile
3705df2e-2478-42b3-a258-6cc6764b129c,form,16,true,2,form_next_btn,evening,desktop
1cc7da29-d350-442f-b86b-fdcdd6949c2a,form,457,false,4,form_field_name,afternoon,mobile
a4f9f1de-742a-4b8f-8aa0-03de5620e964,about,19,true,,,afternoon,desktop
b4ba24cf-b6dc-42f8-8e48-cf0a2b918ce5,home,12,true,,,morning,tablet
bb843301-6278-46fe-8bb3-41cd05855f41,home,6,true,,,evening,desktop
b7e80d26-7a91-451f-9da5-0eac1961a18f,home,15,true,,,afternoon,desktop
8f3e9e94-2d59-4494-b534-1df73a68ef5e,home,7,true,,,afternoon,mobile
9143c757-497e-4ff2-9c2c-6ddfd912747a,confirm,52,false,,logo,morning,mobile
e0ec5350-77d6-4c0e-a045-d0456db71d30,home,6,true,,hero_cta,afternoon,desktop
32b2e2e4-19d3-4b93-9716-1e7ea7770af0,confirm,58,false,,,evening,desktop
9e8787e7-ceda-4a94-bf00-b31cafbb31c3,home,9,true,,,evening,mobile
515d607b-d5ef-4e9d-8b0c-a0f8433cb42d,confirm,77,false,,confirm_share_btn,evening,tablet
970bcfcb-a8e0-40ca-b82a-c94058e43418,home,12,true,,,morning,tablet
9c9541b9-0465-4606-bc71-de2cfaa55965,form,428,false,,form_next_btn,evening,mobile
67ce7fdf-c22d-4902-b45f-31a228d55be4,confirm,26,false,,logo,evening,mobile
2d85ac09-e7fc-4276-b057-eb084aa28e8b,form,74,false,1,form_back_btn,evening,desktop
ec131f3d-e3ba-42a9-be7a-e8ae28fd9835,home,15,true,,,afternoon,mobile
d55bc313-0f43-4b6a-bd7a-7c37e1444dac,home,15,true,,,morning,tablet
bf6a0bd5-0006-4cf1-b7ba-4c11752f6c5b,form,24,true,2,form_next_btn,morning,desktop
d1e6d9a9-9b2b-445f-9f73-c2e3a8c946c8,home,11,true,,,afternoon,tablet
19070e77-cdfa-48b3-be68-08b00968dc67,form,341,false,4,form_field_name,afternoon,mobile
fee65466-e8c2-4ba5-a5fa-a6e517859add,home,5,true,,hero_cta,evening,mobile
cc1894cb-151d-48ef-b807-4716e0823fd1,form,263,false,3,form_field_email,evening,mobile
89092bcc-cf68-44ac-bbe4-acf2ac982220,confirm,20,false,,logo,morning,mobile
c860eeaa-795f-476d-81c3-d4b43cf9d066,form,374,false,4,form_back_btn,morning,tablet
ee4d526c-39f4-4403-8a04-5e7cd5e688f0,home,13,true,,logo,afternoon,desktop
51616c61-a5f1-4074-bc1a-cc667ff4be30,about,231,false,,nav_form,afternoon,mobile
f597ec3c-41ad-426a-b745-c2bda12f42b3,confirm,17,false,,confirm_home_btn,afternoon,tablet
a8024dff-f8cb-4719-a5fd-deda8c0c6eb2,home,14,true,,logo,evening,mobile
ac36e630-b672-41df-95e9-dbff4b0a6882,form,289,false,1,form_field_email,morning,mobile
14ecd758-a5b4-46f9-b887-83009c8d9e77,confirm,37,false,,confirm_share_btn,morning,desktop
d0edce3e-cc3b-4c44-8e77-37c2640624ed,home,5,true,,logo,afternoon,desktop
56d9d8bb-1c68-4d00-a1c1-14b43175fb69,home,71,false,,nav_about,morning,desktop
fd351cd6-8e92-4728-b94c-d153795f75aa,home,7,true,,,evening,desktop
c05a7742-d4cc-4f7e-9f43-1b8347b1a9a0,home,37,false,,nav_about,evening,mobile
d70b86d0-cb33-4416-97da-2ff73a004006,about,11,true,,team_card,evening,desktop
d0dbb3ab-a166-4d4d-b3cc-191a78826eb9,form,147,false,2,form_field_email,evening,desktop
40c4d370-3200-4ff4-9d2d-b13ba6f63fb4,about,183,false,,team_card,evening,desktop
c15b01fd-6acd-4ef3-af5a-6902997a09f2,about,112,false,,,afternoon,desktop
31c008a4-f552-45ae-91b0-dcf503488783,home,7,true,,,afternoon,desktop
14ecd758-a5b4-46f9-b887-83009c8d9e77,form,279,false,4,form_field_name,morning,desktop
1d628807-6511-41e4-aca7-3e4c1561df92,form,17,true,1,,afternoon,desktop
4bade812-7bb8-49b5-a690-037e4c9cf118,confirm,7,true,,confirm_share_btn,morning,mobile
4e2ae6ba-6ab7-46e8-91a8-b44e9a70c532,form,23,true,4,form_next_btn,afternoon,mobile
823f39c3-0142-4f81-a8f5-8b4de70522f3,confirm,5,true,,logo,afternoon,tablet
c8ac608a-7ee2-4529-9309-6ed297854b55,home,13,true,,,evening,desktop
217a3af0-288e-4dfc-a220-d5753d82f3e2,home,5,true,,nav_about,morning,desktop
45ef17c1-8921-4d03-9d3f-cab2de47393c,form,31,false,4,form_field_name,afternoon,mobile
7e90ce20-435c-472f-9944-ecb74965ddf4,form,25,true,2,form_field_email,morning,mobile
56d9d8bb-1c68-4d00-a1c1-14b43175fb69,about,122,false,,team_card,morning,mobile
8b1d2940-190a-4ffe-8a2a-3d83156d88f9,about,12,true,,,afternoon,mobile
88a646ea-e647-4da4-b6e4-8273d9ac7e47,home,6,true,,,afternoon,desktop
262853d7-3ac0-443d-be2c-6eed59758a55,form,193,false,4,form_field_name,evening,desktop
96105e75-40b9-44f3-bc10-a376fe49036b,about,126,false,,logo,afternoon,mobile
99b9c450-1f49-4b46-994c-5b324a93cc1f,home,26,false,,,evening,desktop
7037e8ed-e7c6-4083-8eab-9d8268bb98ea,form,248,false,1,form_field_email,afternoon,desktop
ee3117c4-f668-4e0e-bd15-2bcbdb240238,confirm,66,false,,confirm_share_btn,morning,desktop
1a230035-3ba6-4c9a-940d-33f138d49f49,about,14,true,,,evening,tablet
adc4f094-413c-4763-9dc9-55695a1274da,about,14,true,,,afternoon,desktop
e448e606-facb-4a12-825c-3ef6e8d25ea9,home,13,true,,nav_about,afternoon,mobile
e358b7c7-2566-4bc2-9525-93c702eeb859,home,8,true,,,afternoon,mobile
4ab7bd58-1315-4ac3-a022-4e00df2950eb,home,116,false,,logo,morning,desktop
2e51e181-7f65-4f19-8149-de1fcbe455bd,home,6,true,,scroll_banner,evening,mobile
58cada33-fcf6-4928-a2de-d02f9078e098,home,165,false,,scroll_banner,afternoon,mobile
162230a6-a736-4070-b427-d3642ebff388,home,4,true,,,afternoon,desktop
0c41ebd9-09a1-4c9f-8c9c-d908f211da7b,about,10,true,,logo,afternoon,mobile
dd858103-1623-4225-847f-187894c71174,confirm,9,true,,confirm_share_btn,evening,desktop
ba7ddbee-1ac7-4b79-bbd4-be69420b50a2,home,13,true,,hero_cta,evening,mobile
78f2cf18-b2b3-446e-9081-ec25209eb39e,home,177,false,,nav_about,evening,mobile
cb014e84-bef7-4683-8c98-cd3dc7264f20,about,8,true,,team_card,morning,desktop
2f38dfea-4a1a-4119-9425-4c3c9d72f1e2,home,15,true,,nav_about,afternoon,desktop
bdae24d8-525e-4f82-be8d-e7256c39e5f6,about,9,true,,,evening,mobile
6efcd916-9fbc-4f26-8d3d-8ec3cf7e04a8,home,8,true,,nav_about,evening,tablet
e48d94f7-99f7-49f3-886e-fcbcb630b269,about,155,false,,nav_home,afternoon,desktop
34c956d0-0379-4c17-a71a-0d05bc3b2449,about,14,true,,nav_form,afternoon,mobile
6331a669-0e2a-49d3-8497-304c79cbdba6,home,10,true,,,morning,mobile
d343705d-18b2-447d-965a-2466a4f616aa,home,9,true,,nav_about,afternoon,mobile
9704ba76-0d8b-4488-83c8-b1cd5f40143a,about,9,true,,,afternoon,mobile
1cc7da29-d350-442f-b86b-fdcdd6949c2a,about,191,false,,team_card,afternoon,mobile
3cb08c79-5edf-44c4-8fa4-de529c37ca40,home,5,true,,scroll_banner,evening,tablet
64a56642-bb46-4981-ba1c-fca2f50eb278,form,333,false,4,form_field_email,afternoon,desktop
c84d0461-f8f3-4b0d-8864-55409ac6adc6,form,432,false,2,form_next_btn,afternoon,desktop
b11b73eb-d456-4a27-a03a-f5330f68a1a7,form,236,false,3,form_next_btn,afternoon,tablet
67ce7fdf-c22d-4902-b45f-31a228d55be4,form,445,false,1,form_next_btn,evening,tablet
449f4c82-41fa-4ab5-912d-4a316f53d6a3,home,6,true,,,afternoon,mobile
12737386-35b4-4ea3-8dcd-a7a4051248e3,about,13,true,,nav_form,afternoon,mobile
6f8a91cd-7fda-4cca-b95b-265e21dc8d67,form,187,false,,,morning,desktop
ec9c06cb-9eb6-4648-8a4d-3ae0f8ea98da,form,216,false,3,form_next_btn,evening,mobile
c48cbd26-ccfa-4a09-b9ca-a5a068888795,about,14,true,,,evening,desktop
2a31503a-af52-4847-8888-2a1b0b678d95,home,11,true,,nav_form,morning,mobile
027ded85-2258-4145-a934-48beec109293,home,11,true,,,afternoon,desktop
4cb4a3c8-6719-4ba4-a07f-04317e89aa6e,home,11,true,,scroll_banner,evening,desktop
6856d3c6-b01d-45f4-9aa8-41370b59ee4b,home,92,false,,footer_link,evening,mobile
a0405ea0-b0d3-4b29-9184-29e935a1cfa0,form,383,false,1,form_field_name,morning,mobile
807e9370-77e9-499a-a6e1-0ded317a8209,confirm,43,false,,confirm_share_btn,morning,mobile
803e4324-8054-4356-8d56-9bfa33e61db8,confirm,41,false,,confirm_share_btn,morning,mobile
cbdb4948-3fa2-4cd0-b169-3a234e7d2814,about,14,true,,nav_form,morning,desktop
b8fe89f5-13b2-4146-9754-6a2790df55b0,confirm,69,false,,,afternoon,mobile
c8ad0e13-523c-4428-93a9-b77fd7126ff8,form,394,false,1,form_field_name,evening,mobile
a5072955-8830-4857-bcfe-9e7d90345a99,home,6,true,,,afternoon,mobile
d5501a57-eb46-472c-817e-7c45a30405de,about,8,true,,logo,evening,desktop
a8445458-b17e-4b7a-9cd1-c2f35188aa7e,home,6,true,,,afternoon,tablet
9304b98d-ac50-4ad3-b79f-f07200bfb4e7,form,291,false,2,form_next_btn,afternoon,desktop
40c4d370-3200-4ff4-9d2d-b13ba6f63fb4,form,144,false,2,form_field_name,evening,tablet
009801db-2517-4741-a196-d727449d44b7,about,222,false,,nav_home,afternoon,desktop
5494905b-e9d5-4773-b56b-a165f9606f19,home,8,true,,,evening,desktop
d776c3cb-4ab9-4783-a95d-208cd04187e7,home,5,true,,,morning,mobile
b8bab8e9-f752-45e2-a8e4-fb2f36870673,home,10,true,,nav_about,afternoon,mobile
48b561d3-325c-4845-931e-ee1e5e0cb923,form,303,false,2,form_next_btn,afternoon,desktop
2f632f8f-b9c0-4608-89d2-fa24c04130e4,home,10,true,,,afternoon,desktop
17f83ac7-da45-4fba-8f89-4d8625ae352f,home,10,true,,,morning,mobile
6ec0732c-2b47-4821-a34a-dd2b7165f737,confirm,73,false,,,evening,desktop
81771e89-e7d2-4706-8b9e-9c9547ee2d03,form,19,true,3,form_field_name,evening,tablet
41291cd5-1020-4215-a8fb-fb5b856cf8ba,home,9,true,,scroll_banner,afternoon,desktop
48b561d3-325c-4845-931e-ee1e5e0cb923,confirm,68,false,,logo,afternoon,desktop
5185556c-596a-4cba-bab8-7ab1b24b942e,home,11,true,,,morning,tablet
69895e20-4e28-4a02-9541-72b4fa50c073,form,27,false,1,form_back_btn,evening,mobile
87f42280-02d6-4a6b-ad84-f8dc99fbeaf8,home,10,true,,scroll_banner,afternoon,desktop
82ff0085-f0d9-457b-b935-d53873b31e64,form,423,false,2,form_back_btn,evening,tablet
a8ba9e14-da44-4f6b-9e15-49b11a4fdc85,confirm,24,false,,,afternoon,mobile
b38658bb-f865-427f-b0f2-d98b98d33f48,form,135,false,,form_field_name,afternoon,desktop
341772ba-7f8b-4c55-8d2c-a4c3a7d7a155,home,13,true,,logo,afternoon,desktop
f7179ea3-34bf-4ed8-b638-547bfafdcaa9,home,12,true,,,afternoon,mobile
d03e5ce1-bffb-470b-a8e5-238f966b6acb,form,342,false,1,form_field_name,evening,mobile
b11b73eb-d456-4a27-a03a-f5330f68a1a7,home,51,false,,scroll_banner,afternoon,mobile
515d607b-d5ef-4e9d-8b0c-a0f8433cb42d,form,158,false,1,form_next_btn,evening,mobile
ac36e630-b672-41df-95e9-dbff4b0a6882,confirm,25,false,,,morning,desktop
2d450615-1a69-4374-8954-4186c2ab6b02,home,14,true,,,afternoon,desktop
98e00912-b856-43b3-852b-3209e7800cf0,form,157,false,1,form_field_email,afternoon,desktop
f0161b85-1bff-4614-a8c4-51072923a03f,confirm,56,false,,logo,afternoon,desktop
7a04e503-1b83-49ea-bc5b-8f6d7effc1e0,form,24,true,1,form_back_btn,afternoon,desktop
8fa5c37b-846c-4ff6-9821-fc1f9ad2b62b,about,8,true,,footer_link,evening,desktop
477ca720-d686-42e2-a51b-7321bf620d5c,about,9,true,,team_card,afternoon,desktop
b7f51611-c398-45df-a289-2248572c9d5b,home,10,true,,nav_about,evening,mobile
e99fae9c-c3a8-469e-8a7a-a6b5caff90d0,home,14,true,,logo,evening,mobile
d8f95b1e-5d23-4f73-afea-2479f721d3ec,form,171,false,3,form_field_email,evening,mobile
2b94c8ca-4310-4659-ab82-450dde3e792c,home,13,true,,hero_cta,afternoon,tablet
9e25d3ab-28f8-4f29-9bb3-231489863317,home,124,false,,scroll_banner,afternoon,desktop
5f62cf62-9f6d-4e34-8faf-8782bccaddc0,about,169,false,,,evening,desktop
6cdfe2e0-a5a1-4159-974f-ea132a9bf302,form,17,true,1,form_field_email,evening,mobile
bc28a816-7e2c-446f-b62f-fa194271a028,confirm,25,false,,confirm_share_btn,afternoon,tablet
72bcf85d-f096-40fa-bae2-011f9ae5a032,about,16,true,,nav_form,morning,desktop
704dda5d-6572-4ba3-8d92-86feddbbacfa,confirm,7,true,,,evening,mobile
c15b01fd-6acd-4ef3-af5a-6902997a09f2,home,23,false,,footer_link,afternoon,desktop
c8ad0e13-523c-4428-93a9-b77fd7126ff8,confirm,62,false,,logo,evening,mobile
73060f22-6238-4779-aa61-e4b3e6894669,form,126,false,4,form_field_name,afternoon,mobile
e77dad2d-fcfe-4ce9-8532-9c77d7aa5402,form,22,true,1,form_cancel,afternoon,desktop
6f7e0b72-bc54-4f6a-b7d0-33cdcf6aae58,confirm,25,false,,logo,evening,mobile
05d8cbd4-a368-43be-8745-24b3d1cdc80b,home,8,true,,,afternoon,desktop
e9811b6c-34d1-4c80-ac22-9d6181f3b498,home,119,false,,footer_link,afternoon,desktop
95e761e9-f326-4ee8-89cc-bffff992bee2,home,9,true,,,afternoon,mobile
e8eca068-8c36-406f-ad8c-532ab0e84f05,about,18,true,,,evening,desktop
5fb69319-b2bc-462e-ba29-8c3c5d72e53d,form,449,false,2,form_field_email,afternoon,mobile
bffd1918-c6e8-42c5-83f3-1200d8867415,confirm,62,false,,confirm_share_btn,morning,tablet
e96ca072-4888-4bd3-be7e-1d4d6ce137f9,confirm,6,true,,confirm_home_btn,evening,desktop
58cada33-fcf6-4928-a2de-d02f9078e098,confirm,62,false,,logo,afternoon,desktop
e44357a2-78b9-41b0-9316-9e279be51a14,home,7,true,,nav_form,afternoon,desktop
1a7545f6-2394-407b-bf95-345f54629f48,about,15,true,,nav_home,afternoon,mobile
f454f20d-1cba-41e5-9578-66bab1b09b8a,form,95,false,4,form_submit,evening,desktop
ce2c63ce-54d4-4823-86b5-704e7dcd25df,home,12,true,,nav_about,evening,desktop
09b6ed4e-1bc3-4c3a-a54a-0e966360d8bd,home,12,true,,,evening,tablet
0081a4e5-1e13-46d1-9006-9140cb1ae35d,form,353,false,1,,morning,desktop
e27941dc-995e-4eef-99fc-b6bb67312e93,home,9,true,,,afternoon,desktop
82003bcc-8770-430d-b526-837faf88608e,about,15,true,,footer_link,afternoon,desktop
13eec7a9-73fd-48de-b451-00aa8fced531,home,9,true,,scroll_banner,morning,mobile
9439730c-955d-4b64-a782-15194d4d0dd4,home,178,false,,nav_form,morning,mobile
f95965c1-bf87-40a8-8856-94d64866b2fb,about,88,false,,footer_link,evening,desktop
c433715f-e911-48b8-b08a-002209c4ad49,home,7,true,,,afternoon,desktop
0c6d8fb8-c750-403c-a0f7-85416632bdca,form,17,true,2,form_back_btn,afternoon,tablet
90fb0790-9ef3-4734-a9cf-0ace3e48649c,form,24,true,4,form_next_btn,afternoon,desktop
f0161b85-1bff-4614-a8c4-51072923a03f,form,212,false,4,form_next_btn,afternoon,mobile
3bc0cc84-2056-4a82-b724-606a6c639561,form,463,false,1,form_field_email,afternoon,desktop
d9a59d69-0bfc-4775-a344-c07185db4e2d,confirm,18,false,,logo,evening,desktop
231fc9f3-b2d7-446e-97a3-5fd263f31be3,home,5,true,,logo,morning,tablet
410de89a-b104-4c09-802e-e38c9229a170,about,214,false,,nav_home,morning,desktop
34850dbe-f8ed-4171-a948-95829e0f5676,home,15,true,,,afternoon,mobile
b66255d5-b16b-4a58-9f37-b10d0c4e2dca,home,9,true,,,morning,desktop
89092bcc-cf68-44ac-bbe4-acf2ac982220,form,398,false,2,form_next_btn,morning,tablet
69dc2c83-f87e-4f1e-a8f5-855a1b80ab51,home,12,true,,footer_link,afternoon,desktop
c70bf5d8-e387-407b-90a7-abed77c818d9,home,14,true,,hero_cta,evening,desktop
262b90b7-35a5-4f7e-96fc-9bea82a595e0,form,16,true,1,form_next_btn,morning,tablet
dd2b4806-e367-48b5-b780-17950fa5143c,about,92,false,,team_card,morning,desktop
c3752807-f74c-417f-b65b-1f8683b461fb,confirm,10,true,,confirm_home_btn,afternoon,desktop
931be7d3-b7f1-4f2b-bdc1-666e394f761a,form,20,true,1,form_cancel,afternoon,desktop
1a112387-9419-421f-b78c-778e3a77c09c,form,136,false,2,form_field_email,morning,desktop
9439730c-955d-4b64-a782-15194d4d0dd4,confirm,56,false,,confirm_home_btn,morning,mobile
45376969-f86d-4d5c-8079-184318af7ea2,confirm,81,false,,confirm_home_btn,morning,desktop
fc4499e3-edbe-457f-b994-2213d64637bb,form,462,false,2,form_submit,afternoon,mobile
a61b16d8-3919-4aed-8c41-f1a8a4229519,confirm,63,false,,,afternoon,mobile
7e5eb5b0-d699-4d91-be91-7601f790361b,home,33,false,,scroll_banner,evening,desktop
7b4cdcde-5e51-45b2-8f44-9affc3e29c16,about,13,true,,nav_form,morning,mobile
c84d0461-f8f3-4b0d-8864-55409ac6adc6,about,84,false,,,afternoon,desktop
3c28c72a-f2e4-44f5-b8b1-d9a6c97397cc,home,9,true,,nav_form,evening,desktop
902b0388-f8f3-4e24-b947-5186380fc287,home,8,true,,,afternoon,desktop
c6c6e1b2-bf54-4379-83a5-9ab62c073c38,home,7,true,,,afternoon,mobile
050f407c-ed74-4849-b143-bd3542f17be5,about,13,true,,footer_link,morning,desktop
23b215f9-83d8-432b-82f0-3986b1fca8e7,home,14,true,,scroll_banner,afternoon,desktop
6a737250-1ed8-405c-a55c-c9b7b7283038,form,241,false,2,form_field_email,afternoon,desktop
96218aad-3695-4010-89f1-eb2828899a8a,about,160,false,,,afternoon,desktop
410de89a-b104-4c09-802e-e38c9229a170,form,219,false,2,form_back_btn,morning,mobile
57d35eec-f8a5-49fa-b632-7ed09a7359c2,home,179,false,,scroll_banner,afternoon,mobile
b0f7933c-00cb-425b-a3de-a46130831db3,home,5,true,,nav_form,afternoon,mobile
36b630c9-d0b6-4438-aa74-f4622ce97e70,about,9,true,,nav_form,afternoon,mobile
3bc0cc84-2056-4a82-b724-606a6c639561,confirm,55,false,,logo,afternoon,mobile
a0bb00ff-6f06-48ad-8d4e-6f96241ab9b2,form,195,false,1,form_next_btn,afternoon,mobile
095b572c-f2d6-44ce-bbe5-569552c4dfad,confirm,34,false,,confirm_share_btn,evening,mobile
5d38ec35-ac1c-4456-9d3a-fe9c2fe596cc,confirm,24,false,,,afternoon,desktop
46bd438e-f084-45ae-823a-d734a6c4879c,confirm,46,false,,confirm_home_btn,afternoon,desktop
c981be36-0e94-4f5c-9b24-59be2283baf1,about,117,false,,team_card,afternoon,desktop
628900d6-1c83-41c5-be1f-baf4f1920bb0,about,17,true,,footer_link,afternoon,tablet
48b561d3-325c-4845-931e-ee1e5e0cb923,home,91,false,,footer_link,afternoon,mobile
c009533a-2521-44e8-bc3e-ec65ebe61277,confirm,7,true,,confirm_share_btn,morning,mobile
eb1407c5-f535-4e48-8880-870c03563cf2,home,11,true,,,morning,mobile
98e00912-b856-43b3-852b-3209e7800cf0,confirm,59,false,,confirm_home_btn,afternoon,desktop
